seccion,distrito17,seccion,distrito06
1,2,1,2
2,2,2,2
3,2,3,2
4,2,4,2
5,2,5,2
6,2,6,2
7,2,7,2
8,2,8,2
9,2,9,2
10,2,10,2
11,2,11,2
12,2,12,2
13,2,13,2
14,2,14,2
15,2,15,2
16,2,16,2
17,2,17,2
18,2,18,2
19,2,19,2
20,2,20,2
21,2,21,2
22,2,22,2
23,2,23,2
24,2,24,2
25,2,25,2
26,2,26,2
27,2,27,2
28,2,28,2
29,2,29,2
30,2,30,2
31,2,31,2
32,2,32,2
33,2,33,2
34,2,34,2
35,2,35,2
36,2,36,2
37,2,37,2
38,2,38,2
39,2,39,2
40,2,40,2
41,2,41,2
42,2,42,2
43,2,43,2
44,2,44,2
45,2,45,2
46,2,46,2
47,2,47,2
48,2,48,2
49,2,49,2
50,2,50,2
51,2,51,2
52,2,52,2
53,2,53,2
54,2,54,2
55,2,55,2
56,2,56,2
57,2,57,2
58,2,58,2
59,2,59,2
60,2,60,2
61,2,61,2
62,2,62,2
63,2,63,2
64,2,64,2
65,2,65,2
66,2,66,2
67,2,67,2
68,2,68,2
69,2,69,2
70,2,70,2
71,2,71,2
72,2,72,2
73,2,73,2
74,2,74,2
75,2,75,2
76,2,76,2
77,2,77,2
78,2,78,2
79,2,79,2
80,2,80,2
81,2,81,2
82,2,82,2
83,2,83,2
84,2,84,2
85,2,85,2
86,2,86,2
87,2,87,2
88,2,88,2
89,2,89,2
90,2,90,2
91,2,91,2
92,2,92,2
93,2,93,2
94,2,94,2
95,2,95,2
96,2,96,2
97,2,97,2
98,2,98,2
99,2,99,2
100,2,100,2
101,2,101,2
102,2,102,2
103,2,103,2
104,2,104,2
105,2,105,2
106,2,106,2
107,2,107,2
108,2,108,2
109,2,109,2
110,2,110,2
111,2,111,2
112,2,112,2
113,2,113,2
114,2,114,2
115,2,115,2
116,2,116,2
117,2,117,2
118,2,118,2
119,2,119,2
120,2,120,2
121,2,121,2
122,2,122,2
123,2,123,2
124,2,124,2
125,2,125,2
126,2,126,2
127,2,127,2
128,2,128,2
129,2,129,2
130,2,130,2
131,2,131,2
132,2,132,2
133,2,133,2
134,2,134,2
135,2,135,2
136,2,136,2
137,2,137,2
138,2,138,2
139,2,139,2
140,2,140,2
141,2,141,2
142,2,142,2
143,2,143,2
144,2,144,2
145,2,145,2
146,2,146,2
147,2,147,2
148,2,148,2
149,2,149,2
150,2,150,2
151,2,151,2
152,2,152,2
153,2,153,2
154,2,154,2
155,2,155,2
156,2,156,2
157,2,157,2
158,2,158,2
159,2,159,2
160,2,160,2
161,2,161,2
162,2,162,2
163,2,163,2
164,2,164,2
165,2,165,2
166,2,166,2
167,2,167,2
168,2,168,2
169,2,169,2
170,2,170,2
171,2,171,2
172,2,172,2
173,2,173,2
174,2,174,2
175,2,175,2
176,2,176,2
177,2,177,2
178,2,178,2
179,2,179,2
180,2,180,2
181,2,181,2
182,2,182,2
183,2,183,2
184,2,184,2
185,2,185,2
186,2,186,2
187,2,187,2
188,2,188,2
189,2,189,2
190,2,190,2
191,2,191,2
192,2,192,2
193,2,193,2
194,2,194,2
195,2,195,2
196,2,196,2
197,2,197,2
198,2,198,2
199,2,199,2
200,2,200,2
201,2,201,2
202,2,202,2
203,2,203,2
204,2,204,2
205,2,205,2
206,2,206,2
207,2,207,2
208,2,208,2
209,2,209,2
210,2,210,2
211,2,211,2
212,2,212,2
213,2,213,2
214,2,214,2
215,2,215,2
216,2,216,2
217,2,217,2
218,2,218,2
219,2,219,2
220,2,220,2
221,2,221,2
222,2,222,2
223,2,223,2
224,2,224,2
225,2,225,2
226,2,226,2
227,2,227,2
228,2,228,2
229,2,229,2
230,2,230,2
231,2,231,2
232,2,232,2
233,2,233,2
234,2,234,2
235,2,235,2
236,2,236,2
237,2,237,2
238,2,238,2
239,2,239,2
240,2,240,2
241,2,241,2
242,2,242,2
243,2,243,2
244,2,244,2
245,2,245,2
246,2,246,2
247,2,247,2
248,2,248,2
249,2,249,2
250,2,250,2
251,2,251,2
252,2,252,2
253,2,253,2
254,2,254,2
255,2,255,2
256,2,256,2
257,2,257,2
258,2,258,2
259,2,259,2
260,2,260,2
261,2,261,2
262,2,262,2
263,2,263,2
264,2,264,2
265,2,265,2
266,2,266,2
267,2,267,2
268,2,268,2
269,2,269,2
270,2,270,2
271,2,271,2
272,2,272,2
273,2,273,2
274,2,274,2
275,2,275,2
276,2,276,2
277,2,277,2
278,2,278,2
279,2,279,2
280,2,280,2
281,2,281,2
282,2,282,2
283,2,283,2
284,2,284,2
285,2,285,2
286,2,286,2
287,2,287,2
288,2,288,2
289,2,289,2
290,2,290,2
291,2,291,2
292,2,292,2
293,2,293,2
294,2,294,2
295,2,295,2
296,2,296,2
297,2,297,2
298,2,298,2
299,2,299,2
300,2,300,2
301,2,301,2
302,2,302,2
303,2,303,2
304,2,304,2
305,2,305,2
306,2,306,2
307,2,307,2
308,2,308,2
309,2,309,2
310,2,310,2
311,2,311,2
312,2,312,2
313,2,313,2
314,2,314,2
315,2,315,2
316,2,316,2
317,2,317,2
318,2,318,2
319,2,319,2
320,2,320,2
321,2,321,2
322,2,322,2
323,2,323,2
324,2,324,2
325,2,325,2
326,2,326,2
327,2,327,2
328,2,328,2
329,2,329,2
330,2,330,2
331,2,331,2
332,2,332,2
333,2,333,2
334,2,334,2
335,2,335,2
336,2,336,2
337,2,337,2
338,2,338,2
339,2,339,2
340,2,340,2
341,2,341,2
342,2,342,2
343,2,343,2
344,2,344,2
345,2,345,2
346,2,346,2
347,2,347,2
348,2,348,2
349,2,349,2
350,2,350,2
351,2,351,2
352,2,352,2
353,2,353,2
354,2,354,2
355,2,355,2
356,2,356,2
357,2,357,2
358,2,358,2
359,2,359,2
360,2,360,2
361,2,361,2
362,2,362,2
363,2,363,2
364,2,364,2
365,2,365,2
366,2,366,2
367,2,367,2
368,2,368,2
369,2,369,2
370,2,370,2
371,2,371,2
372,2,372,2
373,2,373,2
374,2,374,2
375,2,375,2
376,2,376,2
377,2,377,2
378,2,378,7
379,2,379,2
380,2,380,2
381,2,381,2
382,2,382,2
383,2,383,2
384,2,384,2
385,2,385,2
386,2,386,2
387,2,387,2
388,2,388,2
389,2,389,2
390,2,390,2
391,2,391,2
392,2,392,2
393,2,393,2
394,2,394,2
395,2,395,2
396,2,396,2
397,2,397,2
398,2,398,2
399,2,399,2
400,2,400,2
401,2,401,2
402,2,402,2
403,2,403,2
404,2,404,2
405,2,405,2
406,2,406,2
407,2,407,2
408,2,408,2
409,2,409,2
410,2,410,2
411,2,411,2
412,2,412,2
413,2,413,2
414,2,414,2
415,2,415,2
416,2,416,2
417,2,417,2
418,2,418,2
419,2,419,2
420,2,420,2
421,2,421,2
422,2,422,2
423,2,423,2
424,2,424,2
425,2,425,2
426,2,426,2
427,2,427,2
428,2,428,2
429,2,429,2
430,2,430,2
431,2,431,2
432,2,432,2
433,2,433,2
434,2,434,2
435,2,435,2
436,2,436,2
437,2,437,2
438,2,438,2
439,2,439,2
440,2,440,2
441,2,441,2
442,2,442,2
443,2,443,2
444,2,444,2
445,2,445,2
446,2,446,2
447,2,447,2
448,2,448,2
449,2,449,2
450,2,450,2
451,2,451,2
452,2,452,2
453,2,453,2
454,2,454,2
455,2,455,2
456,3,456,3
457,3,457,3
458,3,458,3
459,3,459,3
460,3,460,3
461,3,461,3
462,3,462,3
463,3,463,3
464,3,464,3
465,3,465,3
466,3,466,3
467,3,467,3
468,3,468,3
469,3,469,3
470,3,470,3
471,3,471,3
472,3,472,3
473,3,473,3
474,3,474,3
475,3,475,3
476,3,476,3
477,3,477,3
478,3,478,3
479,3,479,3
480,3,480,3
481,3,481,3
482,3,482,3
483,3,483,3
484,3,484,3
485,3,485,3
486,3,486,3
487,3,487,3
488,3,488,3
489,3,489,3
490,3,490,3
491,3,491,3
492,3,492,3
493,3,493,3
494,3,494,3
495,3,495,3
496,3,496,3
497,3,497,3
498,3,498,3
499,3,499,3
500,3,500,3
501,3,501,3
502,3,502,3
503,3,503,3
504,3,504,3
505,3,505,3
506,3,506,3
507,3,507,3
508,3,508,3
509,3,509,3
510,3,510,3
511,3,511,3
512,3,512,3
513,3,513,3
514,3,514,3
515,3,515,3
517,3,517,3
518,3,518,3
519,3,519,3
520,3,520,3
521,3,521,3
522,3,522,3
523,3,523,3
524,3,524,3
525,3,525,3
526,3,526,3
527,3,527,3
528,3,528,3
529,3,529,3
530,3,530,3
531,3,531,3
532,3,532,3
533,3,533,3
534,3,534,3
535,3,535,3
536,3,536,3
537,3,537,3
538,3,538,3
539,3,539,3
540,3,540,3
541,3,541,3
542,3,542,3
543,3,543,3
544,3,544,3
545,3,545,3
546,3,546,3
547,3,547,3
548,3,548,3
549,3,549,3
550,3,550,3
551,3,551,3
552,3,552,3
553,3,553,3
554,3,554,3
555,3,555,3
556,3,556,3
557,3,557,3
558,3,558,3
559,3,559,3
560,3,560,3
561,3,561,3
562,3,562,3
563,3,563,1
564,3,564,1
565,3,565,1
566,3,566,1
567,3,567,1
568,3,568,1
569,3,569,1
570,3,570,1
571,3,571,1
572,3,572,1
573,3,573,1
574,3,574,1
575,3,575,1
576,3,576,1
577,3,577,1
578,3,578,1
579,3,579,1
580,3,580,1
581,3,581,1
582,3,582,1
583,3,583,1
584,3,584,1
585,3,585,1
586,3,586,1
587,3,587,1
588,3,588,1
589,3,589,1
590,3,590,1
591,3,591,1
592,3,592,1
593,3,593,1
594,3,594,1
595,3,595,1
596,3,596,1
597,3,597,1
598,3,598,1
599,3,599,1
600,3,600,1
601,3,601,1
603,3,603,1
604,3,604,1
605,3,605,1
606,3,606,1
607,3,607,1
608,3,608,1
609,3,609,1
610,3,610,1
611,3,611,1
612,3,612,1
613,3,613,1
614,3,614,1
615,3,615,1
616,3,616,1
617,3,617,1
618,3,618,1
619,3,619,1
620,3,620,1
621,3,621,1
622,3,622,1
623,3,623,1
624,3,624,1
625,3,625,1
626,3,626,1
627,3,627,1
628,3,628,1
629,1,629,6
630,1,630,6
631,1,631,6
632,1,632,6
633,1,633,6
634,1,634,6
635,1,635,6
636,1,636,6
637,1,637,6
638,1,638,6
639,1,639,6
640,1,640,6
641,1,641,6
642,1,642,6
643,1,643,6
644,1,644,6
645,1,645,6
646,1,646,6
647,1,647,6
648,1,648,6
649,1,649,6
650,1,650,6
651,1,651,6
652,1,652,6
653,1,653,6
654,1,654,6
655,1,655,6
656,1,656,6
657,1,657,6
658,1,658,6
659,1,659,6
660,1,660,6
661,1,661,6
662,1,662,6
663,1,663,6
664,1,664,6
665,1,665,6
666,1,666,6
667,1,667,6
668,1,668,6
669,1,669,6
670,1,670,6
671,1,671,6
672,1,672,6
673,1,673,6
674,1,674,6
675,6,675,6
676,6,676,6
677,6,677,6
678,6,678,6
679,6,679,6
680,6,680,6
681,6,681,6
682,6,682,6
683,6,683,6
685,6,685,6
686,6,686,6
687,6,687,6
688,6,688,6
689,6,689,6
690,6,690,6
691,6,691,6
692,6,692,6
693,6,693,6
694,6,694,6
695,6,695,6
696,6,696,6
697,6,697,6
698,6,698,6
699,6,699,6
700,6,700,6
701,6,701,6
702,6,702,6
703,6,703,6
704,6,704,6
705,6,705,6
706,6,706,6
707,6,707,6
708,6,708,6
709,6,709,6
710,7,710,5
711,7,711,5
712,7,712,5
713,7,713,5
714,7,714,5
715,7,715,5
716,7,716,5
717,7,717,5
718,7,718,5
719,7,719,5
720,7,720,5
721,7,721,5
722,7,722,5
723,7,723,5
724,7,724,5
725,7,725,5
726,7,726,5
727,7,727,5
728,7,728,5
729,7,729,5
730,7,730,5
731,7,731,5
732,7,732,5
733,7,733,5
734,7,734,5
735,7,735,5
736,7,736,5
737,7,737,5
738,7,738,5
739,7,739,5
740,7,740,5
741,7,741,5
742,7,742,5
743,7,743,5
744,5,744,5
745,7,745,5
746,7,746,5
747,7,747,5
748,7,748,5
749,7,749,5
750,7,750,5
751,7,751,5
752,7,752,5
753,7,753,5
754,5,754,5
755,7,755,5
756,7,756,5
757,7,757,5
758,7,758,5
759,7,759,5
760,7,760,5
761,5,761,5
762,5,762,5
763,5,763,5
764,5,764,5
765,7,765,5
766,7,766,5
767,7,767,5
768,7,768,5
769,7,769,5
770,7,770,5
771,7,771,5
772,7,772,5
773,7,773,5
774,7,774,5
775,7,775,5
776,7,776,5
777,7,777,5
778,7,778,5
779,7,779,5
780,7,780,5
781,5,781,5
782,7,782,5
783,7,783,5
784,7,784,5
785,7,785,5
786,7,786,5
787,7,787,5
788,7,788,5
789,7,789,5
790,7,790,5
791,7,791,5
792,7,792,5
793,7,793,5
794,7,794,5
795,7,795,5
796,7,796,5
797,7,797,5
798,7,798,5
799,7,799,5
800,7,800,5
801,7,801,5
802,7,802,5
803,7,803,5
804,7,804,5
805,7,805,5
806,7,806,5
807,7,807,5
808,7,808,5
809,7,809,5
810,7,810,5
811,7,811,5
812,7,812,5
813,7,813,5
814,7,814,5
815,7,815,5
816,7,816,5
817,7,817,5
818,7,818,5
819,7,819,5
820,7,820,5
821,7,821,5
822,7,822,5
823,7,823,5
824,7,824,5
825,7,825,5
826,7,826,5
827,7,827,5
828,7,828,5
829,7,829,5
830,7,830,5
831,7,831,5
832,7,832,5
833,7,833,5
834,7,834,5
835,7,835,5
836,7,836,5
837,7,837,5
838,7,838,5
839,7,839,5
840,7,840,5
841,7,841,5
842,7,842,5
843,7,843,5
844,7,844,5
845,7,845,5
846,7,846,5
847,7,847,5
848,7,848,5
849,7,849,5
850,7,850,5
851,7,851,5
852,7,852,5
853,7,853,5
854,7,854,5
855,7,855,5
856,7,856,5
857,7,857,5
858,7,858,5
859,7,859,5
860,7,860,5
861,7,861,5
862,7,862,5
863,7,863,5
864,7,864,5
865,7,865,5
866,7,866,5
867,7,867,5
868,7,868,5
869,5,869,5
870,7,870,5
871,7,871,5
872,7,872,5
873,7,873,5
874,7,874,5
875,7,875,5
876,7,876,5
877,7,877,5
878,7,878,5
879,7,879,5
880,7,880,5
881,7,881,5
882,7,882,5
883,7,883,5
884,5,884,5
885,7,885,7
886,7,886,7
887,5,887,5
888,5,888,5
889,5,889,5
890,5,890,5
891,5,891,5
892,5,892,5
893,5,893,5
894,5,894,5
895,5,895,5
896,5,896,5
897,5,897,5
898,5,898,5
899,5,899,5
900,5,900,5
901,5,901,5
902,5,902,5
903,5,903,5
904,5,904,5
905,5,905,5
906,5,906,5
907,5,907,5
908,5,908,5
909,5,909,5
910,5,910,5
911,5,911,5
912,5,912,5
913,5,913,5
914,5,914,5
915,5,915,5
916,5,916,5
917,5,917,5
918,5,918,5
919,5,919,5
920,5,920,5
921,5,921,5
922,5,922,5
923,5,923,5
924,5,924,5
925,5,925,5
926,5,926,5
927,5,927,5
928,5,928,5
929,5,929,5
930,5,930,5
931,5,931,5
932,5,932,5
933,5,933,5
934,5,934,5
935,5,935,5
936,5,936,5
937,5,937,5
938,5,938,5
939,5,939,5
940,5,940,5
941,5,941,5
942,5,942,5
943,5,943,5
944,5,944,5
945,5,945,5
946,5,946,5
947,5,947,5
948,5,948,5
949,5,949,5
950,5,950,5
951,5,951,5
952,5,952,5
953,5,953,5
954,5,954,5
955,5,955,5
956,5,956,5
957,5,957,5
958,5,958,5
959,5,959,5
960,5,960,5
961,5,961,5
962,5,962,5
963,5,963,5
964,5,964,5
965,5,965,5
966,5,966,5
967,5,967,5
968,5,968,5
969,5,969,5
970,5,970,5
971,5,971,5
972,5,972,5
973,5,973,5
974,5,974,5
975,5,975,5
976,5,976,5
977,5,977,5
978,5,978,5
979,5,979,5
980,5,980,5
981,5,981,5
982,5,982,5
983,5,983,5
984,5,984,5
985,5,985,5
986,5,986,5
987,5,987,5
988,5,988,5
989,5,989,5
990,5,990,3
991,5,991,3
992,5,992,3
993,5,993,3
994,5,994,3
995,5,995,3
996,5,996,3
997,5,997,3
998,5,998,3
999,5,999,3
1000,5,1000,3
1001,5,1001,3
1002,5,1002,3
1003,5,1003,3
1004,5,1004,3
1005,5,1005,7
1006,5,1006,7
1007,5,1007,5
1008,5,1008,5
1009,5,1009,5
1010,5,1010,5
1011,5,1011,5
1012,5,1012,5
1013,5,1013,5
1014,5,1014,5
1015,5,1015,5
1016,5,1016,5
1017,5,1017,5
1018,5,1018,5
1019,5,1019,5
1020,5,1020,5
1021,5,1021,5
1022,5,1022,5
1023,5,1023,5
1024,5,1024,5
1025,5,1025,5
1026,5,1026,5
1027,5,1027,5
1028,5,1028,5
1029,5,1029,5
1030,5,1030,5
1031,5,1031,5
1032,5,1032,5
1033,5,1033,5
1034,5,1034,7
1035,5,1035,7
1036,5,1036,5
1037,5,1037,5
1038,5,1038,5
1039,5,1039,7
1040,5,1040,7
1041,5,1041,7
1042,5,1042,5
1043,5,1043,5
1044,5,1044,5
1045,5,1045,5
1046,5,1046,5
1047,5,1047,5
1048,5,1048,5
1049,5,1049,5
1050,5,1050,5
1051,5,1051,5
1052,5,1052,5
1053,5,1053,5
1054,5,1054,5
1055,5,1055,5
1056,5,1056,7
1057,5,1057,7
1058,5,1058,7
1059,5,1059,7
1060,5,1060,7
1061,5,1061,7
1062,5,1062,7
1063,5,1063,7
1064,5,1064,7
1065,5,1065,7
1066,5,1066,7
1067,5,1067,7
1068,5,1068,7
1069,5,1069,7
1070,5,1070,7
1071,5,1071,7
1072,5,1072,7
1073,5,1073,7
1074,5,1074,7
1075,5,1075,7
1076,5,1076,7
1077,5,1077,7
1078,5,1078,7
1079,5,1079,5
1080,5,1080,5
1081,5,1081,5
1082,5,1082,5
1083,5,1083,5
1084,5,1084,5
1085,5,1085,7
1086,5,1086,7
1087,5,1087,7
1088,5,1088,7
1089,5,1089,7
1090,5,1090,7
1091,5,1091,7
1092,5,1092,7
1093,5,1093,7
1094,5,1094,7
1095,5,1095,7
1096,5,1096,7
1097,5,1097,7
1098,5,1098,7
1099,5,1099,7
1100,5,1100,7
1101,5,1101,7
1102,5,1102,7
1103,5,1103,7
1104,5,1104,7
1105,5,1105,7
1106,5,1106,7
1107,5,1107,7
1108,5,1108,7
1109,5,1109,7
1110,5,1110,7
1111,5,1111,7
1112,5,1112,7
1113,5,1113,7
1114,5,1114,7
1115,5,1115,7
1116,5,1116,7
1117,5,1117,7
1118,5,1118,7
1119,5,1119,7
1120,5,1120,7
1121,5,1121,7
1122,5,1122,7
1123,5,1123,7
1124,5,1124,7
1125,5,1125,7
1126,5,1126,7
1127,5,1127,7
1128,5,1128,7
1129,5,1129,7
1130,5,1130,7
1131,5,1131,7
1132,5,1132,7
1133,5,1133,7
1134,5,1134,7
1135,5,1135,7
1136,5,1136,7
1137,5,1137,7
1138,5,1138,7
1139,5,1139,7
1140,5,1140,7
1141,5,1141,7
1142,5,1142,7
1143,5,1143,7
1144,5,1144,7
1145,5,1145,7
1146,5,1146,7
1147,5,1147,7
1148,5,1148,7
1149,5,1149,7
1150,5,1150,7
1151,5,1151,7
1152,5,1152,7
1153,5,1153,7
1154,5,1154,7
1155,5,1155,7
1156,5,1156,7
1157,5,1157,7
1158,5,1158,7
1159,5,1159,7
1160,5,1160,7
1161,5,1161,7
1162,5,1162,7
1163,5,1163,7
1164,5,1164,7
1165,5,1165,7
1166,5,1166,7
1167,5,1167,7
1168,5,1168,7
1169,5,1169,7
1170,5,1170,7
1171,5,1171,7
1172,5,1172,7
1173,5,1173,7
1174,5,1174,7
1175,5,1175,7
1176,5,1176,7
1177,5,1177,7
1178,5,1178,7
1179,5,1179,7
1180,5,1180,7
1181,5,1181,7
1182,5,1182,7
1183,5,1183,7
1184,5,1184,7
1185,5,1185,7
1186,5,1186,7
1187,5,1187,7
1188,5,1188,7
1189,5,1189,7
1190,5,1190,7
1191,5,1191,7
1192,5,1192,7
1193,5,1193,7
1194,5,1194,7
1195,5,1195,7
1196,5,1196,7
1197,5,1197,7
1198,5,1198,7
1199,5,1199,7
1200,5,1200,7
1201,5,1201,7
1202,5,1202,7
1203,5,1203,7
1204,5,1204,7
1205,5,1205,7
1206,7,1206,5
1207,7,1207,5
1208,7,1208,5
1209,7,1209,5
1210,7,1210,5
1211,7,1211,5
1212,7,1212,5
1213,7,1213,5
1214,7,1214,5
1215,7,1215,5
1216,7,1216,5
1217,7,1217,5
1218,7,1218,5
1219,7,1219,5
1220,7,1220,5
1221,7,1221,5
1222,7,1222,5
1223,7,1223,5
1224,7,1224,5
1225,7,1225,5
1226,7,1226,5
1227,7,1227,5
1228,7,1228,5
1229,7,1229,5
1230,7,1230,5
1231,7,1231,5
1232,7,1232,5
1233,7,1233,5
1234,7,1234,5
1235,7,1235,5
1236,7,1236,5
1237,7,1237,5
1238,7,1238,5
1239,7,1239,5
1240,7,1240,5
1241,7,1241,5
1242,7,1242,5
1243,7,1243,5
1244,7,1244,5
1245,7,1245,5
1246,7,1246,5
1247,7,1247,5
1248,7,1248,5
1249,7,1249,5
1250,7,1250,5
1251,7,1251,5
1252,7,1252,5
1253,7,1253,5
1254,7,1254,5
1255,7,1255,5
1256,7,1256,5
1257,7,1257,5
1258,7,1258,5
1259,7,1259,5
1260,7,1260,5
1261,7,1261,5
1262,7,1262,5
1263,5,1263,5
1264,5,1264,5
1265,5,1265,5
1266,5,1266,5
1267,5,1267,5
1268,5,1268,5
1269,5,1269,5
1270,5,1270,5
1271,5,1271,5
1272,5,1272,5
1273,5,1273,5
1274,5,1274,5
1275,5,1275,5
1276,5,1276,5
1277,5,1277,5
1278,7,1278,5
1279,5,1279,5
1280,5,1280,3
1281,5,1281,3
1282,5,1282,3
1283,5,1283,3
1284,5,1284,3
1285,5,1285,3
1286,5,1286,3
1287,5,1287,3
1288,5,1288,3
1289,5,1289,3
1290,5,1290,3
1291,5,1291,3
1292,5,1292,3
1293,5,1293,3
1294,5,1294,3
1295,7,1295,5
1296,7,1296,5
1297,7,1297,5
1298,7,1298,5
1299,7,1299,5
1300,7,1300,5
1301,7,1301,5
1302,7,1302,5
1303,7,1303,5
1304,7,1304,5
1305,7,1305,5
1306,7,1306,5
1307,7,1307,5
1308,7,1308,5
1309,7,1309,5
1310,7,1310,5
1311,7,1311,5
1312,7,1312,5
1313,7,1313,5
1314,7,1314,5
1315,7,1315,5
1316,7,1316,5
1317,7,1317,5
1318,7,1318,5
1319,7,1319,5
1320,7,1320,5
1321,7,1321,5
1322,7,1322,5
1323,7,1323,5
1324,7,1324,5
1325,7,1325,5
1326,7,1326,5
1327,7,1327,5
1328,7,1328,5
1329,7,1329,5
1331,7,1331,5
1332,7,1332,5
1333,7,1333,5
1334,7,1334,5
1335,7,1335,5
1336,7,1336,5
1337,7,1337,5
1338,7,1338,5
1339,7,1339,5
1340,7,1340,5
1341,7,1341,5
1342,7,1342,5
1343,7,1343,5
1344,7,1344,5
1345,7,1345,5
1346,7,1346,5
1347,7,1347,5
1348,7,1348,5
1349,7,1349,5
1350,7,1350,5
1351,7,1351,5
1352,7,1352,5
1353,7,1353,5
1354,7,1354,5
1355,7,1355,5
1356,7,1356,5
1357,7,1357,5
1358,7,1358,5
1359,7,1359,5
1360,7,1360,5
1361,7,1361,5
1362,7,1362,5
1363,7,1363,5
1364,7,1364,5
1365,7,1365,5
1366,7,1366,5
1367,7,1367,7
1368,7,1368,7
1369,7,1369,7
1370,7,1370,7
1371,7,1371,7
1372,7,1372,7
1373,7,1373,7
1374,7,1374,5
1375,7,1375,5
1376,7,1376,5
1377,7,1377,5
1378,7,1378,5
1379,7,1379,7
1380,7,1380,7
1381,7,1381,7
1382,7,1382,7
1383,7,1383,7
1384,7,1384,7
1385,7,1385,7
1386,7,1386,7
1387,7,1387,7
1388,7,1388,7
1389,7,1389,7
1390,7,1390,7
1391,7,1391,7
1392,7,1392,7
1393,7,1393,5
1394,7,1394,5
1395,7,1395,5
1396,7,1396,7
1397,7,1397,7
1398,7,1398,7
1399,7,1399,7
1400,7,1400,7
1401,7,1401,7
1402,7,1402,7
1403,7,1403,7
1404,7,1404,7
1405,7,1405,7
1406,7,1406,7
1407,7,1407,7
1408,7,1408,7
1409,7,1409,7
1410,7,1410,5
1411,7,1411,5
1412,7,1412,7
1413,7,1413,7
1414,7,1414,7
1415,7,1415,7
1416,7,1416,7
1417,7,1417,7
1418,7,1418,7
1419,7,1419,7
1420,7,1420,7
1421,7,1421,7
1422,7,1422,7
1423,7,1423,7
1424,7,1424,7
1425,7,1425,5
1426,7,1426,7
1427,7,1427,7
1428,7,1428,7
1429,7,1429,7
1430,7,1430,7
1431,7,1431,7
1432,7,1432,7
1433,7,1433,7
1434,7,1434,7
1435,7,1435,7
1436,7,1436,7
1437,7,1437,7
1438,7,1438,7
1439,7,1439,7
1440,7,1440,7
1441,7,1441,7
1442,7,1442,7
1443,7,1443,7
1444,7,1444,7
1445,7,1445,7
1446,7,1446,7
1447,7,1447,7
1448,7,1448,7
1449,7,1449,7
1450,7,1450,7
1451,7,1451,7
1452,7,1452,7
1453,7,1453,7
1454,7,1454,7
1455,7,1455,7
1456,7,1456,7
1457,7,1457,7
1458,7,1458,7
1459,7,1459,7
1460,7,1460,7
1461,7,1461,7
1462,7,1462,7
1463,7,1463,7
1464,7,1464,7
1465,7,1465,7
1466,7,1466,7
1467,7,1467,7
1468,7,1468,7
1469,7,1469,7
1470,7,1470,7
1471,7,1471,7
1472,7,1472,7
1473,7,1473,7
1474,7,1474,7
1475,7,1475,7
1476,7,1476,7
1477,7,1477,7
1478,7,1478,7
1479,7,1479,7
1480,7,1480,7
1481,7,1481,7
1482,7,1482,7
1483,7,1483,7
1484,7,1484,7
1485,7,1485,7
1486,7,1486,7
1487,7,1487,5
1488,7,1488,5
1489,7,1489,5
1490,7,1490,5
1491,7,1491,5
1492,7,1492,5
1493,7,1493,5
1494,7,1494,5
1495,7,1495,5
1496,7,1496,5
1497,7,1497,5
1498,7,1498,5
1499,7,1499,5
1500,7,1500,5
1501,7,1501,5
1502,7,1502,5
1503,7,1503,5
1504,7,1504,5
1505,7,1505,5
1506,7,1506,5
1507,7,1507,3
1508,7,1508,3
1509,7,1509,3
1510,7,1510,3
1511,7,1511,3
1512,7,1512,7
1513,7,1513,5
1514,7,1514,5
1515,7,1515,7
1516,7,1516,5
1517,7,1517,7
1518,7,1518,7
1519,7,1519,7
1520,7,1520,7
1521,7,1521,7
1522,7,1522,7
1523,7,1523,7
1524,7,1524,7
1525,7,1525,7
1526,7,1526,7
1527,7,1527,7
1528,7,1528,7
1529,7,1529,7
1530,7,1530,7
1531,6,1531,7
1532,7,1532,7
1533,7,1533,7
1534,7,1534,7
1535,7,1535,3
1536,7,1536,3
1537,7,1537,3
1538,7,1538,3
1539,7,1539,3
1540,7,1540,3
1541,7,1541,3
1542,7,1542,3
1543,7,1543,3
1544,7,1544,3
1545,6,1545,7
1546,6,1546,7
1547,7,1547,7
1548,7,1548,7
1549,7,1549,7
1550,7,1550,7
1551,7,1551,7
1552,7,1552,7
1553,6,1553,3
1554,7,1554,3
1555,7,1555,3
1556,7,1556,3
1557,7,1557,3
1558,7,1558,3
1559,7,1559,3
1560,6,1560,3
1561,6,1561,3
1562,6,1562,3
1563,6,1563,3
1564,6,1564,3
1565,6,1565,3
1566,6,1566,3
1567,7,1567,3
1568,7,1568,3
1569,7,1569,3
1570,7,1570,3
1571,7,1571,3
1572,6,1572,3
1573,6,1573,3
1574,6,1574,3
1575,6,1575,3
1576,6,1576,3
1577,6,1577,3
1578,6,1578,3
1579,6,1579,3
1580,6,1580,3
1581,6,1581,3
1582,6,1582,3
1583,6,1583,3
1584,6,1584,3
1585,6,1585,3
1586,6,1586,3
1587,7,1587,3
1588,6,1588,7
1589,6,1589,3
1590,6,1590,3
1591,7,1591,7
1592,7,1592,7
1593,7,1593,7
1594,6,1594,7
1595,6,1595,7
1596,6,1596,7
1597,6,1597,7
1598,6,1598,7
1599,6,1599,7
1600,7,1600,7
1603,6,1603,7
1604,6,1604,7
1605,6,1605,7
1606,6,1606,7
1607,6,1607,7
1608,6,1608,7
1609,6,1609,7
1610,6,1610,7
1611,6,1611,7
1612,6,1612,7
1613,6,1613,7
1614,6,1614,7
1615,6,1615,7
1616,6,1616,7
1617,6,1617,7
1618,6,1618,7
1619,6,1619,7
1620,6,1620,7
1621,6,1621,7
1622,6,1622,7
1623,6,1623,7
1624,6,1624,7
1625,6,1625,7
1626,6,1626,7
1627,6,1627,7
1628,6,1628,7
1629,6,1629,7
1630,6,1630,7
1631,6,1631,7
1632,6,1632,7
1633,6,1633,7
1634,6,1634,7
1635,6,1635,7
1636,6,1636,7
1637,6,1637,7
1638,6,1638,7
1639,6,1639,7
1640,6,1640,7
1641,6,1641,7
1642,6,1642,7
1643,6,1643,7
1644,6,1644,7
1645,6,1645,7
1646,6,1646,7
1647,6,1647,7
1648,6,1648,7
1649,6,1649,7
1650,6,1650,7
1651,6,1651,7
1652,6,1652,7
1653,6,1653,7
1654,6,1654,7
1655,6,1655,7
1656,6,1656,7
1657,6,1657,7
1658,6,1658,7
1659,6,1659,7
1660,6,1660,7
1661,6,1661,7
1662,6,1662,7
1663,6,1663,7
1664,6,1664,7
1665,6,1665,7
1666,6,1666,7
1667,6,1667,7
1668,6,1668,7
1669,6,1669,7
1670,6,1670,7
1671,6,1671,7
1672,6,1672,7
1673,6,1673,7
1674,6,1674,7
1675,6,1675,7
1676,6,1676,7
1677,6,1677,7
1678,6,1678,7
1679,6,1679,7
1680,6,1680,7
1681,6,1681,7
1682,6,1682,7
1683,6,1683,7
1684,6,1684,7
1685,6,1685,7
1686,6,1686,7
1687,6,1687,7
1688,6,1688,7
1689,6,1689,7
1690,6,1690,7
1691,6,1691,7
1692,6,1692,7
1693,6,1693,7
1694,6,1694,7
1695,6,1695,7
1696,6,1696,7
1697,6,1697,7
1698,6,1698,7
1699,6,1699,7
1700,6,1700,7
1701,6,1701,7
1702,6,1702,7
1703,6,1703,7
1704,6,1704,7
1705,6,1705,7
1706,6,1706,7
1707,6,1707,7
1708,6,1708,7
1709,6,1709,7
1710,6,1710,7
1711,6,1711,7
1712,6,1712,7
1713,6,1713,7
1714,6,1714,7
1715,6,1715,7
1716,6,1716,7
1717,6,1717,7
1718,6,1718,7
1719,6,1719,7
1720,6,1720,7
1721,6,1721,7
1722,6,1722,7
1723,6,1723,7
1724,6,1724,7
1725,6,1725,7
1726,4,1726,1
1727,4,1727,1
1728,4,1728,1
1729,4,1729,1
1730,4,1730,1
1731,4,1731,1
1732,4,1732,1
1733,4,1733,1
1734,4,1734,1
1735,4,1735,1
1736,4,1736,1
1737,4,1737,1
1740,4,1740,1
1741,4,1741,1
1742,4,1742,1
1743,4,1743,1
1744,4,1744,1
1745,4,1745,1
1746,4,1746,1
1747,4,1747,1
1748,4,1748,1
1749,4,1749,1
1750,4,1750,1
1751,4,1751,1
1752,4,1752,1
1753,4,1753,1
1754,4,1754,1
1755,4,1755,1
1756,4,1756,1
1757,4,1757,1
1758,4,1758,1
1759,4,1759,1
1760,4,1760,1
1761,4,1761,1
1762,4,1762,1
1763,4,1763,1
1764,4,1764,1
1765,4,1765,1
1766,4,1766,1
1767,4,1767,1
1768,4,1768,1
1769,4,1769,1
1770,4,1770,1
1771,4,1771,1
1772,4,1772,1
1773,4,1773,1
1774,4,1774,1
1775,4,1775,1
1776,4,1776,1
1777,4,1777,1
1778,4,1778,1
1779,4,1779,1
1780,4,1780,1
1781,4,1781,1
1782,4,1782,1
1783,4,1783,1
1784,4,1784,1
1785,4,1785,1
1786,4,1786,1
1787,4,1787,1
1788,4,1788,1
1789,4,1789,1
1790,4,1790,1
1791,4,1791,1
1792,4,1792,1
1793,4,1793,1
1794,4,1794,1
1795,4,1795,1
1796,4,1796,1
1797,4,1797,1
1798,4,1798,1
1799,6,1799,6
1800,6,1800,6
1801,6,1801,6
1802,6,1802,6
1803,6,1803,6
1804,6,1804,6
1805,6,1805,6
1806,6,1806,6
1807,6,1807,6
1808,6,1808,6
1809,6,1809,6
1810,6,1810,6
1811,6,1811,6
1812,6,1812,6
1813,6,1813,6
1814,6,1814,6
1815,6,1815,6
1816,6,1816,6
1817,6,1817,6
1818,6,1818,6
1819,6,1819,6
1820,6,1820,6
1821,6,1821,6
1822,6,1822,6
1823,6,1823,6
1824,6,1824,6
1825,6,1825,6
1826,6,1826,6
1827,6,1827,6
1828,6,1828,6
1829,6,1829,6
1830,6,1830,6
1831,6,1831,6
1832,6,1832,6
1833,6,1833,6
1834,6,1834,6
1835,6,1835,6
1836,6,1836,6
1837,6,1837,6
1838,6,1838,6
1839,6,1839,6
1840,6,1840,6
1841,6,1841,6
1842,6,1842,6
1843,6,1843,6
1844,6,1844,6
1845,6,1845,6
1846,6,1846,6
1847,6,1847,6
1849,6,1849,6
1850,6,1850,6
1851,6,1851,6
1852,6,1852,6
1853,6,1853,6
1854,6,1854,6
1855,6,1855,6
1856,6,1856,6
1857,6,1857,6
1858,6,1858,6
1859,6,1859,6
1860,1,1860,6
1861,1,1861,6
1862,1,1862,6
1863,1,1863,6
1864,1,1864,6
1865,1,1865,6
1866,1,1866,6
1867,1,1867,6
1868,1,1868,6
1869,1,1869,6
1870,1,1870,6
1871,1,1871,6
1872,1,1872,6
1873,1,1873,6
1874,1,1874,6
1875,1,1875,6
1876,1,1876,6
1877,1,1877,6
1878,1,1878,6
1879,1,1879,6
1880,1,1880,6
1881,1,1881,6
1882,1,1882,6
1883,1,1883,6
1884,1,1884,6
1885,1,1885,6
1886,1,1886,6
1887,1,1887,6
1888,1,1888,6
1889,1,1889,6
1890,1,1890,6
1891,1,1891,6
1892,1,1892,6
1893,1,1893,6
1894,1,1894,6
1895,1,1895,6
1896,1,1896,6
1897,1,1897,6
1899,1,1899,6
1900,1,1900,6
1901,1,1901,6
1902,1,1902,6
1903,1,1903,6
1904,1,1904,6
1905,1,1905,6
1906,1,1906,6
1907,1,1907,6
1908,1,1908,6
1909,1,1909,6
1910,1,1910,6
1911,1,1911,6
1912,1,1912,6
1913,1,1913,6
1914,1,1914,6
1915,1,1915,6
1916,1,1916,6
1917,1,1917,6
1918,1,1918,6
1919,1,1919,6
1920,1,1920,6
1921,1,1921,6
1922,1,1922,6
1923,1,1923,6
1924,1,1924,6
1925,4,1925,1
1926,4,1926,1
1927,4,1927,1
1928,4,1928,1
1929,4,1929,1
1930,4,1930,1
1931,4,1931,1
1932,4,1932,1
1933,4,1933,1
1934,4,1934,1
1935,4,1935,1
1936,4,1936,1
1937,4,1937,1
1938,4,1938,1
1939,4,1939,1
1940,4,1940,1
1941,4,1941,1
1942,4,1942,1
1943,4,1943,1
1944,4,1944,1
1945,4,1945,1
1946,4,1946,1
1947,4,1947,1
1948,4,1948,1
1949,4,1949,1
1950,4,1950,1
1951,4,1951,1
1952,4,1952,1
1953,4,1953,1
1954,4,1954,1
1955,4,1955,1
1956,4,1956,1
1957,4,1957,1
1958,4,1958,1
1959,4,1959,1
1960,4,1960,1
1961,4,1961,1
1962,4,1962,1
1963,4,1963,1
1964,4,1964,1
1965,4,1965,1
1966,4,1966,1
1967,4,1967,1
1968,4,1968,1
1969,4,1969,1
1970,4,1970,1
1971,4,1971,1
1972,4,1972,1
1973,4,1973,1
1974,4,1974,1
1975,4,1975,1
1976,4,1976,1
1977,4,1977,1
1978,4,1978,1
1979,4,1979,1
1980,4,1980,1
1981,4,1981,1
1982,4,1982,1
1983,4,1983,1
1984,4,1984,1
1985,4,1985,1
1986,4,1986,1
1987,4,1987,1
1988,4,1988,1
1989,4,1989,1
1990,4,1990,1
1991,4,1991,1
1992,4,1992,1
1993,4,1993,1
1994,4,1994,1
1995,4,1995,1
1996,4,1996,1
1997,4,1997,1
1998,4,1998,1
1999,4,1999,1
2000,4,2000,1
2001,4,2001,1
2002,4,2002,1
2003,4,2003,1
2004,4,2004,1
2005,4,2005,1
2006,4,2006,1
2007,4,2007,1
2008,4,2008,1
2009,4,2009,1
2010,4,2010,1
2011,4,2011,1
2012,4,2012,1
2013,4,2013,1
2014,4,2014,1
2015,4,2015,1
2016,4,2016,1
2017,4,2017,1
2018,4,2018,1
2019,4,2019,1
2020,4,2020,1
2021,4,2021,1
2022,4,2022,1
2023,4,2023,1
2024,4,2024,1
2025,4,2025,1
2026,4,2026,1
2027,4,2027,1
2028,4,2028,1
2029,4,2029,1
2030,4,2030,1
2031,4,2031,1
2032,4,2032,1
2033,4,2033,1
2034,4,2034,1
2035,4,2035,1
2036,4,2036,1
2037,4,2037,1
2038,4,2038,1
2039,4,2039,1
2040,4,2040,1
2041,4,2041,1
2042,4,2042,1
2043,4,2043,1
2044,4,2044,1
2045,4,2045,1
2046,4,2046,1
2047,4,2047,1
2048,4,2048,1
2049,4,2049,1
2050,4,2050,1
2051,4,2051,1
2052,4,2052,1
2053,4,2053,1
2054,4,2054,1
2055,4,2055,1
2056,4,2056,1
2057,4,2057,1
2058,4,2058,1
2059,4,2059,1
2060,4,2060,1
2061,4,2061,1
2062,4,2062,1
2063,4,2063,1
2064,4,2064,1
2065,4,2065,1
2066,4,2066,1
2067,4,2067,1
2068,4,2068,1
2069,4,2069,1
2070,4,2070,1
2071,4,2071,1
2072,4,2072,1
2073,4,2073,1
2074,4,2074,1
2075,4,2075,1
2076,4,2076,1
2077,4,2077,1
2078,4,2078,1
2079,4,2079,1
2080,4,2080,1
2081,4,2081,1
2082,4,2082,1
2083,4,2083,1
2084,4,2084,1
2085,4,2085,1
2086,4,2086,1
2087,4,2087,1
2088,4,2088,1
2089,4,2089,1
2090,4,2090,1
2091,4,2091,1
2092,4,2092,1
2093,4,2093,1
2094,4,2094,1
2095,4,2095,1
2096,4,2096,1
2097,4,2097,1
2098,4,2098,1
2099,4,2099,1
2100,4,2100,1
2101,4,2101,4
2102,4,2102,4
2103,4,2103,4
2104,4,2104,4
2105,4,2105,4
2106,4,2106,4
2107,4,2107,4
2108,4,2108,4
2109,4,2109,4
2110,4,2110,4
2111,4,2111,4
2112,4,2112,4
2113,4,2113,4
2114,4,2114,4
2115,4,2115,4
2116,4,2116,4
2117,4,2117,4
2118,4,2118,4
2119,4,2119,4
2120,4,2120,4
2121,4,2121,4
2122,4,2122,4
2123,4,2123,4
2124,4,2124,4
2125,4,2125,4
2126,4,2126,4
2127,4,2127,4
2128,4,2128,4
2129,4,2129,4
2130,4,2130,4
2131,4,2131,4
2132,4,2132,4
2133,4,2133,4
2134,4,2134,4
2135,4,2135,4
2136,4,2136,4
2137,4,2137,4
2138,4,2138,4
2139,4,2139,4
2140,4,2140,4
2141,4,2141,4
2142,4,2142,4
2143,4,2143,4
2144,4,2144,4
2145,4,2145,4
2146,4,2146,4
2147,4,2147,4
2148,4,2148,4
2149,4,2149,4
2150,4,2150,4
2151,4,2151,4
2152,4,2152,4
2153,4,2153,4
2154,4,2154,4
2155,4,2155,4
2156,4,2156,4
2157,4,2157,4
2158,4,2158,4
2159,4,2159,4
2160,4,2160,4
2161,4,2161,4
2162,4,2162,4
2163,4,2163,4
2164,4,2164,4
2165,4,2165,4
2166,4,2166,4
2167,4,2167,4
2168,4,2168,4
2169,4,2169,4
2170,4,2170,4
2171,4,2171,4
2172,4,2172,4
2173,4,2173,4
2174,4,2174,4
2175,4,2175,4
2176,4,2176,4
2177,4,2177,4
2178,4,2178,4
2179,4,2179,4
2180,4,2180,4
2181,4,2181,4
2182,4,2182,4
2183,4,2183,4
2184,4,2184,4
2185,4,2185,4
2186,4,2186,4
2187,4,2187,4
2188,4,2188,4
2189,4,2189,4
2190,4,2190,4
2191,4,2191,4
2192,4,2192,4
2193,4,2193,4
2194,4,2194,4
2195,4,2195,4
2196,4,2196,4
2197,4,2197,4
2198,4,2198,4
2199,4,2199,4
2200,4,2200,4
2201,4,2201,4
2202,4,2202,4
2203,4,2203,4
2204,4,2204,4
2205,4,2205,4
2206,4,2206,4
2207,4,2207,4
2208,4,2208,4
2209,4,2209,4
2210,4,2210,4
2211,4,2211,4
2212,4,2212,4
2213,4,2213,4
2214,4,2214,4
2215,4,2215,4
2216,4,2216,4
2217,4,2217,4
2218,4,2218,4
2219,4,2219,4
2220,4,2220,4
2221,4,2221,4
2222,4,2222,4
2223,4,2223,4
2224,4,2224,4
2225,4,2225,4
2226,4,2226,4
2227,4,2227,4
2228,4,2228,4
2229,4,2229,4
2230,4,2230,4
2231,4,2231,4
2232,4,2232,4
2233,4,2233,4
2234,4,2234,4
2235,4,2235,4
2236,4,2236,4
2237,4,2237,4
2238,4,2238,4
2239,4,2239,4
2240,4,2240,4
2241,4,2241,4
2242,4,2242,4
2243,4,2243,4
2244,4,2244,4
2245,4,2245,4
2246,4,2246,4
2247,4,2247,4
2248,4,2248,4
2249,4,2249,4
2250,4,2250,4
2251,4,2251,4
2252,4,2252,4
2253,4,2253,4
2254,4,2254,4
2255,4,2255,4
2256,4,2256,4
2257,4,2257,4
2258,4,2258,4
2259,4,2259,4
2260,4,2260,4
2261,4,2261,4
2262,4,2262,4
2263,4,2263,4
2264,4,2264,4
2265,4,2265,4
2266,4,2266,4
2267,4,2267,4
2268,4,2268,4
2269,4,2269,4
2270,4,2270,4
2271,4,2271,4
2272,4,2272,4
2273,4,2273,4
2274,4,2274,4
2275,4,2275,4
2276,4,2276,4
2277,4,2277,4
2278,4,2278,4
2279,4,2279,4
2280,4,2280,4
2281,4,2281,4
2282,4,2282,4
2283,4,2283,4
2284,4,2284,4
2285,4,2285,4
2286,4,2286,4
2287,4,2287,4
2288,4,2288,4
2289,4,2289,4
2290,4,2290,4
2291,4,2291,4
2292,4,2292,4
2293,4,2293,4
2294,4,2294,4
2295,4,2295,4
2296,4,2296,4
2297,4,2297,4
2298,4,2298,4
2299,4,2299,4
2300,4,2300,4
2301,4,2301,4
2302,4,2302,4
2303,4,2303,4
2304,4,2304,4
2305,4,2305,4
2306,4,2306,4
2307,4,2307,4
2308,4,2308,4
2309,4,2309,4
2310,4,2310,4
2311,4,2311,4
2312,4,2312,4
2313,4,2313,4
2314,4,2314,4
2315,4,2315,4
2316,4,2316,4
2317,4,2317,4
2318,4,2318,4
2319,4,2319,4
2320,4,2320,4
2321,4,2321,4
2322,4,2322,4
2323,4,2323,4
2324,4,2324,4
2325,4,2325,4
2326,4,2326,4
2327,4,2327,4
2328,4,2328,4
2329,4,2329,4
2330,4,2330,4
2331,4,2331,4
2332,4,2332,4
2333,4,2333,4
2334,4,2334,4
2335,4,2335,4
2336,4,2336,4
2337,4,2337,4
2338,4,2338,4
2339,4,2339,4
2340,4,2340,4
2341,4,2341,4
2342,4,2342,4
2343,4,2343,4
2344,4,2344,4
2345,4,2345,4
2346,4,2346,4
2347,4,2347,4
2348,4,2348,4
2349,4,2349,4
2350,4,2350,4
2351,4,2351,4
2352,4,2352,4
2353,4,2353,4
2354,4,2354,4
2355,4,2355,4
2356,4,2356,4
2357,4,2357,4
2358,4,2358,4
2359,4,2359,4
2360,4,2360,4
2361,4,2361,4
2362,4,2362,4
2363,4,2363,4
2364,4,2364,4
2365,4,2365,4
2366,4,2366,4
2367,4,2367,4
2368,4,2368,4
2369,4,2369,4
2370,4,2370,4
2371,4,2371,4
2372,4,2372,4
2373,4,2373,4
2374,4,2374,4
2375,4,2375,4
2376,4,2376,4
2377,4,2377,4
2379,4,2379,4
2380,4,2380,4
2381,4,2381,4
2382,4,2382,4
2383,4,2383,4
2384,4,2384,4
2385,4,2385,4
2386,4,2386,4
2387,4,2387,4
2388,4,2388,4
2389,4,2389,4
2390,4,2390,4
2391,4,2391,4
2392,4,2392,4
2393,4,2393,4
2394,4,2394,4
2395,4,2395,4
2396,4,2396,4
2397,4,2397,4
2398,4,2398,4
2399,4,2399,4
2400,4,2400,4
2401,4,2401,4
2402,4,2402,4
2403,4,2403,4
2404,4,2404,4
2405,4,2405,4
2406,4,2406,4
2407,4,2407,4
2408,4,2408,4
2409,4,2409,4
2410,4,2410,4
2411,4,2411,4
2412,4,2412,4
2413,4,2413,4
2414,4,2414,4
2415,4,2415,4
2416,4,2416,4
2417,4,2417,4
2418,4,2418,4
2419,4,2419,4
2420,4,2420,4
2421,4,2421,4
2422,4,2422,4
2423,4,2423,4
2424,4,2424,4
2425,4,2425,4
2426,4,2426,4
2427,4,2427,4
2428,4,2428,4
2429,4,2429,4
2430,4,2430,4
2431,4,2431,4
2432,4,2432,4
2433,4,2433,4
2434,4,2434,4
2435,4,2435,4
2436,4,2436,4
2437,4,2437,4
2438,4,2438,4
2439,4,2439,4
2440,4,2440,4
2441,4,2441,4
2442,4,2442,4
2443,4,2443,4
2444,4,2444,4
2445,4,2445,4
2446,4,2446,4
2447,4,2447,4
2448,4,2448,4
2449,4,2449,4
2450,4,2450,4
2451,4,2451,4
2452,4,2452,4
2453,4,2453,4
2454,4,2454,4
2455,4,2455,4
2456,4,2456,4
2457,4,2457,4
2458,4,2458,4
2459,4,2459,4
2460,4,2460,4
2461,4,2461,4
2462,4,2462,4
2463,4,2463,4
2464,4,2464,4
2465,4,2465,4
2466,4,2466,4
2467,4,2467,4
2468,4,2468,4
2469,4,2469,4
2470,4,2470,4
2471,4,2471,4
2472,4,2472,4
2473,4,2473,4
2474,4,2474,4
2475,4,2475,4
2476,4,2476,4
2477,4,2477,4
2478,4,2478,4
2479,4,2479,4
2480,4,2480,4
2481,4,2481,4
2482,4,2482,4
2483,4,2483,4
2484,4,2484,4
2485,4,2485,4
2486,4,2486,4
2487,4,2487,4
2488,4,2488,4
2489,4,2489,4
2490,4,2490,4
2491,4,2491,4
2492,4,2492,4
2493,4,2493,4
2494,4,2494,4
2495,4,2495,4
2496,4,2496,4
2497,4,2497,4
2498,4,2498,4
2499,4,2499,4
2500,4,2500,4
2501,4,2501,4
2502,4,2502,4
2503,4,2503,4
2504,4,2504,4
2505,4,2505,4
2506,4,2506,4
2507,4,2507,4
2508,4,2508,4
2509,4,2509,4
2510,4,2510,4
2511,4,2511,4
2512,4,2512,4
2513,4,2513,4
2514,4,2514,4
2515,4,2515,4
2516,4,2516,4
2517,4,2517,4
2518,4,2518,4
2519,4,2519,4
2520,4,2520,4
2521,4,2521,4
2522,4,2522,4
2523,4,2523,4
2524,4,2524,4
2525,4,2525,4
2526,4,2526,4
2527,4,2527,4
2528,4,2528,4
2529,4,2529,4
2530,4,2530,4
2531,4,2531,4
2532,4,2532,4
2533,4,2533,4
2534,4,2534,4
2535,4,2535,4
2536,4,2536,4
2537,4,2537,4
2538,4,2538,4
2539,4,2539,4
2540,6,2540,8
2541,6,2541,8
2542,6,2542,8
2543,6,2543,8
2544,6,2544,8
2545,6,2545,8
2546,6,2546,8
2547,6,2547,8
2548,6,2548,8
2549,6,2549,8
2550,6,2550,8
2551,6,2551,8
2552,6,2552,8
2553,6,2553,8
2554,6,2554,8
2555,6,2555,8
2556,6,2556,8
2557,6,2557,8
2558,6,2558,8
2559,6,2559,8
2560,6,2560,8
2561,6,2561,8
2562,6,2562,8
2563,6,2563,8
2564,6,2564,8
2565,6,2565,8
2566,6,2566,8
2567,6,2567,8
2568,6,2568,8
2569,6,2569,8
2570,6,2570,8
2571,6,2571,8
2572,6,2572,8
2573,6,2573,8
2574,6,2574,8
2575,6,2575,8
2576,6,2576,8
2577,6,2577,8
2578,6,2578,8
2579,6,2579,8
2580,6,2580,8
2581,6,2581,8
2582,6,2582,8
2583,6,2583,8
2584,6,2584,8
2585,6,2585,8
2586,6,2586,8
2587,6,2587,8
2588,6,2588,8
2589,6,2589,8
2590,6,2590,8
2591,6,2591,8
2592,6,2592,8
2593,6,2593,8
2594,6,2594,8
2595,6,2595,8
2596,6,2596,8
2597,6,2597,8
2598,6,2598,8
2599,6,2599,8
2600,6,2600,25
2601,1,2601,8
2602,1,2602,8
2603,1,2603,8
2604,1,2604,8
2605,1,2605,8
2606,1,2606,8
2607,1,2607,8
2608,1,2608,8
2609,1,2609,8
2610,1,2610,8
2611,1,2611,8
2612,1,2612,8
2613,1,2613,8
2614,1,2614,8
2615,1,2615,8
2616,1,2616,8
2617,1,2617,8
2618,1,2618,8
2619,1,2619,8
2620,1,2620,8
2621,1,2621,8
2622,1,2622,8
2623,1,2623,6
2624,1,2624,8
2625,1,2625,8
2626,1,2626,8
2627,1,2627,8
2628,1,2628,8
2629,1,2629,8
2630,1,2630,8
2631,1,2631,8
2632,1,2632,8
2633,1,2633,8
2634,1,2634,8
2635,1,2635,8
2636,1,2636,8
2637,1,2637,8
2638,1,2638,8
2639,1,2639,8
2640,1,2640,8
2641,1,2641,8
2642,1,2642,8
2643,1,2643,8
2644,1,2644,8
2645,1,2645,8
2646,1,2646,8
2647,1,2647,8
2648,1,2648,8
2649,1,2649,8
2650,1,2650,8
2651,1,2651,8
2652,1,2652,8
2653,1,2653,8
2654,1,2654,8
2655,1,2655,8
2656,1,2656,8
2657,1,2657,8
2658,1,2658,8
2659,1,2659,8
2660,1,2660,8
2661,1,2661,8
2662,1,2662,8
2663,1,2663,8
2664,1,2664,8
2665,1,2665,8
2666,1,2666,8
2667,6,2667,6
2668,6,2668,6
2669,6,2669,6
2670,6,2670,6
2671,6,2671,6
2673,6,2673,6
2674,6,2674,6
2675,6,2675,6
2676,6,2676,6
2677,6,2677,6
2678,6,2678,6
2679,6,2679,6
2680,6,2680,6
2681,6,2681,6
2682,6,2682,6
2683,6,2683,6
2684,6,2684,6
2685,6,2685,8
2686,6,2686,8
2687,6,2687,6
2688,6,2688,8
2689,6,2689,8
2690,6,2690,8
2691,6,2691,6
2692,6,2692,6
2693,6,2693,6
2694,6,2694,6
2695,6,2695,6
2696,6,2696,6
2697,6,2697,6
2698,6,2698,6
2699,6,2699,8
2700,6,2700,8
2701,6,2701,8
2702,6,2702,8
2703,6,2703,8
2704,6,2704,8
2705,6,2705,8
2706,6,2706,8
2707,6,2707,8
2708,6,2708,8
2709,6,2709,8
2710,6,2710,8
2711,1,2711,8
2712,1,2712,8
2713,1,2713,8
2714,1,2714,8
2715,1,2715,8
2716,1,2716,8
2717,1,2717,8
2718,6,2718,8
2719,6,2719,8
2720,6,2720,8
2721,6,2721,8
2722,6,2722,8
2723,6,2723,8
2724,6,2724,8
2725,6,2725,8
2726,6,2726,8
2727,6,2727,8
2728,6,2728,8
2729,6,2729,8
2730,6,2730,8
2731,6,2731,8
2732,6,2732,8
2733,6,2733,8
2734,1,2734,8
2735,1,2735,8
2736,1,2736,8
2737,1,2737,8
2738,1,2738,8
2739,1,2739,8
2740,1,2740,8
2741,1,2741,8
2742,1,2742,8
2743,1,2743,8
2744,1,2744,8
2745,1,2745,8
2746,1,2746,8
2747,1,2747,8
2748,1,2748,8
2749,1,2749,8
2750,1,2750,8
2751,1,2751,8
2752,1,2752,8
2753,1,2753,8
2754,1,2754,8
2755,1,2755,8
2756,1,2756,8
2757,1,2757,8
2758,1,2758,8
2759,1,2759,8
2760,1,2760,8
2761,1,2761,8
2762,1,2762,8
2763,1,2763,8
2764,6,2764,8
2765,6,2765,8
2766,6,2766,8
2767,6,2767,8
2768,6,2768,8
2769,6,2769,8
2770,6,2770,8
2771,6,2771,8
2772,6,2772,8
2773,6,2773,8
2774,6,2774,8
2775,6,2775,8
2776,6,2776,8
2777,6,2777,8
2778,6,2778,8
2779,6,2779,8
2780,6,2780,8
2781,6,2781,8
2782,6,2782,8
2783,1,2783,8
2784,1,2784,8
2785,1,2785,8
2786,1,2786,8
2787,1,2787,8
2788,1,2788,8
2789,1,2789,8
2790,1,2790,8
2791,1,2791,8
2792,1,2792,8
2793,1,2793,8
2794,1,2794,8
2795,1,2795,8
2796,1,2796,8
2797,1,2797,8
2798,1,2798,8
2799,1,2799,8
2800,1,2800,8
2801,1,2801,8
2802,1,2802,8
2803,1,2803,8
2804,1,2804,8
2805,1,2805,8
2806,1,2806,8
2807,1,2807,8
2809,1,2809,8
2810,1,2810,8
2811,1,2811,8
2812,1,2812,8
2813,1,2813,8
2814,1,2814,8
2815,1,2815,8
2816,1,2816,8
2817,1,2817,8
2818,1,2818,8
2819,1,2819,8
2820,1,2820,8
2821,1,2821,8
2822,1,2822,8
2823,1,2823,8
2824,1,2824,8
2825,1,2825,8
2826,1,2826,8
2827,1,2827,8
2828,1,2828,8
2829,1,2829,8
2830,1,2830,8
2831,1,2831,8
2832,1,2832,8
2833,6,2833,8
2834,1,2834,8
2835,1,2835,8
2836,1,2836,8
2837,1,2837,8
2838,1,2838,8
2839,1,2839,8
2840,1,2840,8
2841,1,2841,8
2842,1,2842,8
2843,1,2843,8
2844,1,2844,8
2845,1,2845,8
2846,1,2846,8
2847,1,2847,8
2848,1,2848,8
2849,1,2849,8
2850,1,2850,8
2851,1,2851,8
2852,1,2852,8
2853,1,2853,8
2854,1,2854,8
2855,1,2855,8
2856,1,2856,8
2857,1,2857,8
2858,1,2858,8
2859,1,2859,8
2860,1,2860,8
2861,1,2861,8
2862,1,2862,8
2863,1,2863,8
2864,6,2864,8
2865,1,2865,8
2866,1,2866,8
2867,1,2867,8
2868,1,2868,8
2869,1,2869,8
2870,1,2870,8
2871,1,2871,8
2872,1,2872,8
2873,1,2873,8
2874,1,2874,8
2875,1,2875,8
2876,1,2876,8
2877,1,2877,8
2878,1,2878,8
2879,1,2879,8
2880,1,2880,8
2881,1,2881,8
2882,1,2882,8
2883,1,2883,8
2884,1,2884,8
2885,1,2885,8
2886,1,2886,8
2887,1,2887,8
2888,1,2888,8
2889,1,2889,8
2890,1,2890,8
2891,1,2891,8
2892,1,2892,8
2893,1,2893,8
2894,1,2894,8
2895,6,2895,8
2896,6,2896,8
2897,6,2897,8
2898,1,2898,8
2899,1,2899,8
2900,1,2900,8
2901,1,2901,8
2902,1,2902,8
2903,1,2903,8
2904,1,2904,8
2905,1,2905,8
2906,1,2906,8
2907,1,2907,8
2908,1,2908,8
2909,1,2909,8
2910,1,2910,8
2911,1,2911,8
2912,1,2912,8
2913,1,2913,8
2914,6,2914,8
2915,6,2915,8
2916,6,2916,8
2917,6,2917,8
2918,6,2918,8
2919,6,2919,8
2920,1,2920,8
2921,1,2921,8
2922,1,2922,8
2923,1,2923,8
2924,1,2924,8
2925,6,2925,8
2926,6,2926,8
2927,1,2927,8
2928,1,2928,8
2929,6,2929,8
2930,6,2930,8
2931,6,2931,8
2932,6,2932,8
2933,6,2933,8
2934,6,2934,8
2935,6,2935,8
2936,6,2936,8
2937,6,2937,8
2938,6,2938,8
2939,6,2939,8
2940,6,2940,8
2941,6,2941,8
2942,6,2942,8
2943,6,2943,8
2944,6,2944,8
2945,6,2945,8
2946,6,2946,8
2947,6,2947,8
2948,1,2948,8
2949,1,2949,8
2950,1,2950,8
2951,1,2951,8
2953,1,2953,6
2954,1,2954,6
2955,1,2955,6
2956,6,2956,6
2957,6,2957,6
2958,6,2958,6
2959,6,2959,6
2960,6,2960,6
2961,6,2961,6
2962,6,2962,6
2963,6,2963,6
2964,6,2964,6
2965,6,2965,6
2966,6,2966,6
2967,6,2967,6
2968,6,2968,6
2969,6,2969,6
2970,1,2970,6
2971,6,2971,6
2972,6,2972,6
2973,6,2973,6
2974,6,2974,6
2975,6,2975,6
2976,6,2976,6
2977,6,2977,6
2978,1,2978,6
2979,1,2979,6
2980,1,2980,6
2981,1,2981,6
2982,1,2982,6
2983,6,2983,6
2984,6,2984,6
2985,6,2985,6
2987,6,2987,6
2988,6,2988,6
2989,1,2989,6
2990,1,2990,6
2991,1,2991,6
2992,1,2992,6
2993,1,2993,6
2994,1,2994,6
2995,1,2995,8
2996,1,2996,8
2997,3,2997,1
2998,3,2998,1
2999,3,2999,1
3000,3,3000,1
3001,3,3001,1
3002,3,3002,1
3003,3,3003,1
3004,3,3004,1
3005,3,3005,1
3006,3,3006,1
3007,3,3007,1
3008,3,3008,1
3009,3,3009,1
3010,3,3010,1
3011,3,3011,1
3012,3,3012,1
3013,3,3013,1
3014,3,3014,1
3015,3,3015,1
3016,3,3016,1
3017,3,3017,1
3018,3,3018,1
3019,3,3019,1
3020,3,3020,1
3021,3,3021,1
3022,3,3022,1
3023,3,3023,1
3024,3,3024,1
3025,3,3025,1
3026,3,3026,1
3027,3,3027,1
3028,3,3028,1
3029,3,3029,1
3030,3,3030,1
3031,3,3031,1
3032,3,3032,1
3034,3,3034,1
3035,3,3035,1
3036,3,3036,1
3037,3,3037,1
3038,3,3038,1
3039,3,3039,1
3040,3,3040,1
3041,3,3041,1
3042,3,3042,1
3043,3,3043,1
3045,3,3045,1
3046,3,3046,1
3047,3,3047,1
3048,3,3048,1
3049,3,3049,1
3050,3,3050,1
3051,3,3051,1
3052,3,3052,1
3053,3,3053,1
3054,3,3054,1
3055,3,3055,1
3056,3,3056,1
3057,3,3057,1
3058,3,3058,1
3059,3,3059,1
3060,3,3060,1
3061,3,3061,1
3063,3,3063,1
3064,3,3064,1
3065,3,3065,1
3066,3,3066,1
3067,3,3067,1
3068,3,3068,1
3069,3,3069,1
3070,3,3070,1
3071,3,3071,1
3072,3,3072,1
3073,3,3073,1
3074,3,3074,1
3075,3,3075,1
3076,3,3076,1
3077,3,3077,1
3078,3,3078,1
3079,3,3079,1
3080,3,3080,1
3081,3,3081,1
3082,3,3082,1
3083,3,3083,1
3084,3,3084,1
3085,3,3085,1
3086,3,3086,1
3087,3,3087,1
3088,3,3088,1
3089,3,3089,1
3090,3,3090,1
3091,3,3091,1
3092,3,3092,1
3093,3,3093,1
3094,3,3094,1
3095,3,3095,1
3096,3,3096,1
3097,3,3097,1
3098,3,3098,1
3099,3,3099,1
3100,3,3100,1
3101,3,3101,1
3102,3,3102,1
3103,3,3103,1
3104,3,3104,1
3105,3,3105,1
3106,3,3106,1
3107,3,3107,1
3108,3,3108,1
3109,3,3109,1
3110,3,3110,1
3111,3,3111,1
3112,3,3112,1
3113,3,3113,1
3114,3,3114,1
3115,3,3115,1
3116,3,3116,1
3117,3,3117,1
3118,3,3118,1
3119,3,3119,1
3120,3,3120,1
3121,3,3121,1
3122,3,3122,1
3123,3,3123,1
3124,3,3124,1
3125,3,3125,1
3126,3,3126,1
3127,3,3127,1
3128,3,3128,1
3129,3,3129,1
3130,3,3130,1
3131,1,3131,6
3132,1,3132,6
3133,1,3133,6
3134,1,3134,6
3135,1,3135,6
3136,1,3136,6
3137,1,3137,6
3138,1,3138,6
3139,1,3139,6
3140,1,3140,6
3141,1,3141,6
3142,1,3142,6
3143,1,3143,6
3144,1,3144,6
3145,1,3145,6
3146,1,3146,6
3147,1,3147,6
3148,1,3148,6
3149,1,3149,6
3150,1,3150,6
3151,1,3151,6
3152,1,3152,6
3153,1,3153,6
3154,1,3154,6
3155,1,3155,6
3156,1,3156,6
3157,1,3157,6
3158,1,3158,6
3159,1,3159,6
3161,1,3161,6
3162,1,3162,6
3163,1,3163,6
3164,1,3164,6
3165,1,3165,6
3166,1,3166,6
3167,1,3167,6
3168,1,3168,6
3169,1,3169,6
3170,1,3170,6
3171,1,3171,6
3172,1,3172,6
3173,1,3173,6
3174,1,3174,6
3175,1,3175,6
3176,1,3176,6
3177,1,3177,6
3178,1,3178,6
3179,1,3179,6
3180,1,3180,6
3181,1,3181,6
3182,1,3182,6
3183,1,3183,6
3184,1,3184,6
3185,1,3185,6
3186,1,3186,6
3187,1,3187,6
3188,1,3188,6
3189,1,3189,6
3190,1,3190,6
3191,1,3191,6
3192,1,3192,6
3193,1,3193,6
3194,1,3194,6
3195,1,3195,6
3196,1,3196,6
3197,1,3197,6
3198,1,3198,6
3199,1,3199,6
3200,1,3200,6
3201,1,3201,6
3202,1,3202,6
3203,1,3203,6
3204,1,3204,6
3205,1,3205,6
3206,1,3206,6
3207,1,3207,6
3208,1,3208,6
3209,1,3209,6
3210,1,3210,6
3211,1,3211,6
3212,1,3212,6
3213,1,3213,6
3214,1,3214,6
3215,1,3215,6
3216,1,3216,6
3217,1,3217,6
3218,1,3218,6
3219,1,3219,6
3220,3,3220,3
3221,3,3221,3
3222,3,3222,3
3223,3,3223,3
3224,3,3224,3
3225,3,3225,3
3226,3,3226,3
3227,3,3227,3
3228,3,3228,3
3229,3,3229,3
3230,3,3230,3
3231,3,3231,3
3232,3,3232,3
3233,3,3233,3
3234,3,3234,3
3235,3,3235,3
3236,3,3236,3
3237,3,3237,3
3238,3,3238,3
3239,3,3239,3
3241,3,3241,3
3242,3,3242,3
3243,3,3243,3
3244,3,3244,3
3245,3,3245,3
3246,3,3246,3
3247,3,3247,3
3248,3,3248,3
3249,3,3249,3
3250,3,3250,3
3251,3,3251,3
3252,3,3252,3
3253,3,3253,3
3254,3,3254,3
3255,3,3255,3
3256,3,3256,3
3257,3,3257,3
3258,3,3258,3
3259,3,3259,3
3260,3,3260,3
3261,3,3261,3
3262,3,3262,3
3263,3,3263,3
3264,3,3264,3
3265,3,3265,3
3266,3,3266,3
3267,3,3267,3
3268,3,3268,3
3269,3,3269,3
3270,3,3270,3
3271,3,3271,3
3272,3,3272,3
3273,3,3273,3
3274,3,3274,3
3275,3,3275,3
3276,3,3276,3
3277,3,3277,3
3278,3,3278,3
3279,3,3279,3
3280,3,3280,3
3281,3,3281,3
3282,3,3282,3
3283,3,3283,3
3284,3,3284,3
3285,3,3285,3
3286,3,3286,3
3287,3,3287,3
3288,3,3288,3
3289,3,3289,3
3290,3,3290,3
3291,3,3291,3
3292,3,3292,3
3293,3,3293,3
3294,3,3294,3
3295,3,3295,3
3296,3,3296,3
3297,3,3297,3
3298,3,3298,3
3299,3,3299,3
3300,3,3300,3
3301,3,3301,3
3302,3,3302,3
3303,3,3303,3
3304,3,3304,3
3305,3,3305,3
3306,3,3306,3
3307,3,3307,3
3308,3,3308,3
3309,3,3309,3
3310,3,3310,3
3311,3,3311,3
3312,3,3312,3
3313,3,3313,3
3314,3,3314,3
3315,3,3315,3
3316,3,3316,3
3317,3,3317,3
3318,3,3318,3
3319,3,3319,3
3320,3,3320,3
3321,3,3321,3
3322,3,3322,3
3323,3,3323,3
3324,3,3324,3
3325,3,3325,3
3326,3,3326,3
3327,3,3327,3
3328,3,3328,3
3329,3,3329,3
3330,3,3330,3
3331,3,3331,3
3332,3,3332,3
3333,3,3333,3
3334,3,3334,3
3335,3,3335,3
3336,3,3336,3
3337,3,3337,3
3338,3,3338,3
3339,3,3339,3
3340,3,3340,3
3341,3,3341,3
3342,3,3342,3
3343,3,3343,3
3344,3,3344,3
3345,3,3345,3
3346,3,3346,3
3347,3,3347,3
3348,3,3348,3
3349,3,3349,3
3350,3,3350,3
3351,3,3351,3
3352,3,3352,3
3353,3,3353,3
3354,3,3354,3
3355,3,3355,3
3356,3,3356,3
3357,3,3357,3
3358,3,3358,3
3359,3,3359,3
3360,3,3360,3
3361,3,3361,3
3362,3,3362,3
3363,3,3363,3
3364,3,3364,3
3365,3,3365,3
3366,3,3366,3
3367,3,3367,3
3368,3,3368,3
3369,3,3369,3
3370,6,3370,6
3371,6,3371,6
3372,6,3372,6
3373,6,3373,6
3374,6,3374,6
3379,6,3379,6
3380,6,3380,6
3381,6,3381,6
3382,6,3382,6
3383,6,3383,6
3384,6,3384,6
3385,6,3385,6
3386,6,3386,6
3387,6,3387,6
3389,6,3389,6
3390,6,3390,6
3392,6,3392,6
3393,6,3393,6
3394,6,3394,6
3395,6,3395,6
3396,6,3396,6
3397,6,3397,6
3398,6,3398,6
3399,6,3399,6
3400,6,3400,6
3401,6,3401,6
3402,6,3402,6
3403,6,3403,6
3404,6,3404,6
3405,6,3405,6
3406,6,3406,6
3407,6,3407,6
3408,6,3408,6
3409,6,3409,6
3410,6,3410,6
3411,6,3411,6
3412,6,3412,6
3413,6,3413,6
3414,6,3414,6
3415,6,3415,6
3416,6,3416,6
3417,6,3417,6
3418,6,3418,6
3419,6,3419,6
3420,3,3420,1
3421,3,3421,1
3422,3,3422,1
3423,3,3423,1
3424,3,3424,1
3425,3,3425,1
3426,3,3426,1
3427,3,3427,1
3429,3,3429,1
3430,3,3430,1
3431,3,3431,1
3432,3,3432,1
3433,3,3433,1
3434,3,3434,1
3435,3,3435,1
3436,3,3436,1
3437,3,3437,1
3439,3,3439,1
3440,3,3440,1
3441,3,3441,1
3442,3,3442,1
3443,3,3443,1
3444,3,3444,1
3445,3,3445,1
3446,3,3446,1
3447,3,3447,1
3448,3,3448,1
3449,3,3449,1
3450,3,3450,1
3451,3,3451,1
3452,3,3452,1
3453,3,3453,1
3454,3,3454,1
3455,3,3455,1
3456,3,3456,1
3458,3,3458,1
3459,3,3459,1
3460,3,3460,1
3461,3,3461,1
3462,3,3462,1
3464,3,3464,1
3465,3,3465,1
3466,3,3466,1
3467,3,3467,1
3468,3,3468,1
3469,3,3469,1
3470,3,3470,1
3471,3,3471,1
3472,3,3472,1
3473,3,3473,1
3474,3,3474,1
3475,3,3475,1
3476,3,3476,1
3477,3,3477,1
3478,3,3478,1
3479,3,3479,1
3480,3,3480,1
3481,3,3481,1
3482,3,3482,1
3483,3,3483,1
3484,3,3484,1
3485,3,3485,1
3486,3,3486,1
3487,3,3487,1
3488,3,3488,1
3489,3,3489,1
3490,3,3490,1
3491,3,3491,1
3492,3,3492,1
3493,3,3493,1
3494,3,3494,1
3495,3,3495,1
3496,3,3496,1
3497,3,3497,1
3498,3,3498,1
3499,3,3499,1
3500,3,3500,1
3501,3,3501,1
3502,3,3502,1
3503,3,3503,1
3504,3,3504,1
3505,3,3505,1
3506,3,3506,1
3507,3,3507,1
3508,3,3508,1
3509,3,3509,1
3510,3,3510,1
3511,3,3511,1
3512,3,3512,1
3513,3,3513,1
3514,3,3514,1
3515,3,3515,1
3516,3,3516,1
3517,3,3517,1
3518,3,3518,1
3519,3,3519,1
3520,3,3520,1
3521,3,3521,1
3522,3,3522,1
3523,3,3523,1
3524,3,3524,1
3525,3,3525,1
3526,3,3526,1
3527,3,3527,1
3528,3,3528,1
3529,3,3529,1
3530,3,3530,1
3532,3,3532,1
3533,3,3533,1
3534,3,3534,1
3535,3,3535,1
3536,3,3536,1
3537,3,3537,1
3538,3,3538,1
3539,3,3539,1
3540,3,3540,1
3541,3,3541,1
3542,3,3542,1
3543,3,3543,1
3544,3,3544,1
3545,3,3545,1
3546,3,3546,1
3547,3,3547,1
3548,3,3548,1
3549,3,3549,1
3550,3,3550,1
3551,3,3551,1
3552,3,3552,1
3553,3,3553,1
3554,3,3554,1
3555,3,3555,1
3556,3,3556,1
3557,3,3557,1
3558,3,3558,1
3559,3,3559,1
3560,3,3560,1
3561,3,3561,1
3562,3,3562,1
3563,3,3563,1
3564,3,3564,1
3565,3,3565,1
3566,3,3566,1
3567,3,3567,1
3568,3,3568,1
3569,3,3569,1
3570,3,3570,1
3571,3,3571,1
3572,3,3572,1
3573,3,3573,1
3574,3,3574,1
3575,3,3575,1
3576,3,3576,1
3577,3,3577,1
3578,3,3578,1
3579,3,3579,1
3580,3,3580,1
3581,3,3581,1
3582,3,3582,1
3583,3,3583,1
3584,3,3584,1
3585,3,3585,1
3586,3,3586,1
3587,3,3587,1
3588,3,3588,1
3589,3,3589,1
3590,3,3590,1
3591,3,3591,1
3592,3,3592,1
3593,3,3593,1
3594,3,3594,1
3595,3,3595,1
3596,3,3596,1
3597,3,3597,1
3598,3,3598,1
3599,3,3599,1
3600,3,3600,1
3601,3,3601,1
3602,3,3602,1
3603,3,3603,1
3604,3,3604,1
3605,3,3605,1
3606,3,3606,1
3607,3,3607,1
3608,3,3608,1
3609,3,3609,1
3610,3,3610,1
3611,3,3611,1
3612,3,3612,1
3613,3,3613,1
3614,3,3614,3
3615,3,3615,3
3616,3,3616,3
3617,3,3617,3
3618,3,3618,3
3619,3,3619,3
3620,3,3620,3
3621,3,3621,3
3622,3,3622,3
3623,3,3623,3
3624,3,3624,3
3625,3,3625,3
3626,3,3626,3
3627,3,3627,3
3628,3,3628,3
3629,3,3629,3
3630,3,3630,3
3631,3,3631,3
3632,3,3632,3
3633,3,3633,3
3634,3,3634,3
3635,3,3635,3
3636,3,3636,3
3637,3,3637,3
3638,3,3638,3
3639,3,3639,3
3640,3,3640,3
3641,3,3641,3
3642,3,3642,3
3643,3,3643,3
3644,3,3644,3
3645,3,3645,3
3646,3,3646,3
3647,3,3647,3
3648,3,3648,3
3649,3,3649,3
3650,3,3650,3
3651,3,3651,3
3652,3,3652,3
3653,3,3653,3
3654,3,3654,3
3655,3,3655,3
3656,3,3656,3
3657,3,3657,3
3658,3,3658,3
3659,3,3659,3
3660,3,3660,3
3661,3,3661,3
3662,3,3662,3
3663,3,3663,3
3664,3,3664,3
3665,3,3665,3
3666,3,3666,3
3667,3,3667,3
3668,3,3668,3
3669,3,3669,3
3670,3,3670,3
3671,3,3671,3
3672,3,3672,3
3673,3,3673,3
3674,3,3674,3
3675,3,3675,3
3676,3,3676,3
3677,3,3677,3
3678,3,3678,3
3679,3,3679,3
3680,3,3680,3
3681,3,3681,3
3682,3,3682,3
3683,3,3683,3
3684,3,3684,3
3685,3,3685,3
3686,3,3686,3
3687,3,3687,3
3688,3,3688,3
3689,3,3689,3
3690,3,3690,3
3691,3,3691,3
3692,3,3692,3
3693,3,3693,3
3694,3,3694,3
3695,3,3695,3
3696,3,3696,3
3697,3,3697,3
3698,3,3698,3
3699,3,3699,3
3700,3,3700,3
3701,3,3701,3
3702,3,3702,3
3703,3,3703,3
3704,3,3704,3
3705,3,3705,3
3706,3,3706,3
3707,3,3707,3
3708,3,3708,3
3709,3,3709,3
3710,3,3710,3
3711,3,3711,3
3712,3,3712,3
3713,3,3713,3
3714,3,3714,3
3715,3,3715,3
3716,3,3716,3
3717,3,3717,3
3718,3,3718,3
3719,3,3719,3
3720,3,3720,3
3721,3,3721,3
3722,3,3722,3
3723,3,3723,3
3724,3,3724,3
3725,3,3725,3
3726,3,3726,3
3727,3,3727,3
3728,3,3728,3
3729,3,3729,3
3730,3,3730,3
3731,3,3731,3
3732,3,3732,3
3733,3,3733,3
3734,3,3734,3
3735,3,3735,3
3736,3,3736,3
3737,3,3737,3
3738,3,3738,3
3739,3,3739,3
3740,3,3740,3
3741,3,3741,3
3742,3,3742,3
3743,3,3743,3
3744,3,3744,3
3745,3,3745,3
3746,3,3746,3
3747,3,3747,3
3748,3,3748,3
3749,3,3749,3
3750,3,3750,3
3751,3,3751,3
3752,3,3752,3
3753,3,3753,3
3754,3,3754,3
3756,3,3756,3
3757,3,3757,3
3758,3,3758,3
3759,3,3759,3
3760,3,3760,3
3761,3,3761,3
3762,3,3762,3
3763,3,3763,3
3764,3,3764,3
3765,3,3765,3
3766,3,3766,3
3767,3,3767,3
3768,3,3768,3
3769,3,3769,3
3770,3,3770,3
3772,3,3772,3
3773,3,3773,3
3774,3,3774,3
3775,3,3775,3
3776,3,3776,3
3777,3,3777,3
3778,3,3778,3
3779,3,3779,3
3780,3,3780,3
3781,3,3781,3
3782,3,3782,3
3783,3,3783,3
3784,3,3784,3
3785,3,3785,3
3786,3,3786,3
3787,3,3787,3
3788,3,3788,3
3789,3,3789,3
3790,6,3790,6
3791,6,3791,6
3792,6,3792,6
3793,6,3793,6
3794,6,3794,6
3795,6,3795,6
3796,6,3796,6
3797,6,3797,6
3798,6,3798,6
3799,6,3799,6
3800,6,3800,6
3801,6,3801,6
3802,6,3802,6
3803,6,3803,6
3804,6,3804,6
3805,6,3805,6
3806,6,3806,6
3807,6,3807,6
3808,6,3808,6
3809,6,3809,6
3810,6,3810,6
3811,6,3811,6
3812,6,3812,6
3813,6,3813,6
3814,6,3814,6
3815,6,3815,6
3816,6,3816,6
3817,6,3817,6
3818,6,3818,6
3819,6,3819,8
3820,6,3820,6
3821,1,3821,8
3822,6,3822,6
3823,1,3823,8
3824,6,3824,8
3825,1,3825,8
3826,1,3826,8
3827,1,3827,8
3828,1,3828,8
3829,1,3829,8
3830,1,3830,8
3831,1,3831,8
3832,1,3832,8
3833,1,3833,8
3834,1,3834,8
3835,1,3835,8
3836,1,3836,8
3837,1,3837,8
